-- INSERT STATEMENTS --
-- users: DONE
-- artists: DONE
-- listeners: DONE
-- libraries: DONE
-- playlists: DONE
-- articles: DONE
-- albums: DONE
-- songs: DONE
-- shopping carts: DONE

-- Release: DONE
-- BelongsTo: DONE
-- ComprisesOf: DONE
-- IsAddedTo: DONE
-- IsPartOf: DONE
-- Contains: DONE
-- Uses: DONE
-- Creates: DONE
-- moneyEarned: DONE
-- Has: DONE

INSERT INTO users(uid,name,username,country,email,dob,credit_info) values (89,'Kyra Jones','Kyr13','Spain','Kyra.Jones@yahoo.com','1952-12-01',2328810000000000.0);
INSERT INTO users(uid,name,username,country,email,dob,credit_info) values (13,'Maanav Patel','Maa92','United States','Maanav.Patel@mail.mcgill.ca','1974-07-14',2470090000000000.0);
INSERT INTO users(uid,name,username,country,email,dob,credit_info) values (334,'Magnus Kourilsky','Mag138','France','Magnus.Kourilsky@yahoo.com','1950-01-11',3273200000000000.0);
INSERT INTO users(uid,name,username,country,email,dob,credit_info) values (329,'Karim Angelo','Kar66','Vietnam','Karim.Angelo@mail.mcgill.ca','2007-11-07',3547700000000000.0);
INSERT INTO users(uid,name,username,country,email,dob,credit_info) values (246,'Maanav Kourilsky','Maa314','Canada','Maanav.Kourilsky@mail.mcgill.ca','1955-05-12',2845490000000000.0);
INSERT INTO users(uid,name,username,country,email,dob,credit_info) values (27,'Theo Jones','The234','Mexico','Theo.Jones@gmail.com','1979-08-28',1731030000000000.0);
INSERT INTO users(uid,name,username,country,email,dob,credit_info) values (216,'Misgana Kourilsky','Mis218','Vietnam','Misgana.Kourilsky@yahoo.com','1979-06-07',6422230000000000.0);
INSERT INTO users(uid,name,username,country,email,dob,credit_info) values (315,'Thomas Wang','Tho347','Russia','Thomas.Wang@yahoo.com','1953-01-16',1499390000000000.0);
INSERT INTO users(uid,name,username,country,email,dob,credit_info) values (145,'Janna Garcia','Jan150','France','Janna.Garcia@yahoo.com','1966-01-22',7150160000000000.0);
INSERT INTO users(uid,name,username,country,email,dob,credit_info) values (270,'Janna Angelo','Jan-74','England','Janna.Angelo@gmail.com','1962-04-12',1389910000000000.0);
INSERT INTO users(uid,name,username,country,email,dob,credit_info) values (113,'Bahar Markoski','Bah359','Russia','Bahar.Markoski@mail.mcgill.ca','1969-08-07',6188450000000000.0);
INSERT INTO users(uid,name,username,country,email,dob,credit_info) values (238,'Maanav Leone','Maa115','Italy','Maanav.Leone@gmail.com','1996-05-12',5060060000000000.0);
INSERT INTO users(uid,name,username,country,email,dob,credit_info) values (387,'Olive Meijer','Oli389','United States','Olive.Meijer@mail.mcgill.ca','2004-12-04',3462030000000000.0);
INSERT INTO users(uid,name,username,country,email,dob,credit_info) values (236,'Louise Castelli','Lou324','Egypt','Louise.Castelli@mail.mcgill.ca','1959-03-10',6234080000000000.0);
INSERT INTO users(uid,name,username,country,email,dob,credit_info) values (146,'Tara Angelo','Tar397','Russia','Tara.Angelo@yahoo.com','1953-09-12',7805600000000000.0);
INSERT INTO users(uid,name,username,country,email,dob,credit_info) values (358,'Louise Castelli','Lou121','Vietnam','Louise.Castelli@yahoo.com','2001-04-21',6315520000000000.0);
INSERT INTO users(uid,name,username,country,email,dob,credit_info) values (124,'Louise Williams','Lou160','England','Louise.Williams@mail.mcgill.ca','1960-08-01',6339410000000000.0);
INSERT INTO users(uid,name,username,country,email,dob,credit_info) values (353,'Zhang Wang','Zha54','Italy','Zhang.Wang@gmail.com','1997-11-17',6755780000000000.0);
INSERT INTO users(uid,name,username,country,email,dob,credit_info) values (143,'Janna Porta','Jan327','Russia','Janna.Porta@gmail.com','1957-11-24',5200110000000000.0);
INSERT INTO users(uid,name,username,country,email,dob,credit_info) values (335,'Kian Porta','Kia276','Vietnam','Kian.Porta@gmail.com','1953-05-22',5667000000000000.0);
INSERT INTO users(uid,name,username,country,email,dob,credit_info) values (144,'Misgana Markoski','Mis136','United States','Misgana.Markoski@gmail.com','1980-05-09',6028900000000000.0);
INSERT INTO users(uid,name,username,country,email,dob,credit_info) values (173,'Magnus Nguyen','Mag72','China','Magnus.Nguyen@yahoo.com','1974-02-16',6853720000000000.0);
INSERT INTO users(uid,name,username,country,email,dob,credit_info) values (163,'Kyra Kourilsky','Kyr262','France','Kyra.Kourilsky@gmail.com','1956-01-10',6199870000000000.0);
INSERT INTO users(uid,name,username,country,email,dob,credit_info) values (171,'Soraya Wilson','Sor168','Spain','Soraya.Wilson@mail.mcgill.ca','1996-12-21',5488830000000000.0);
INSERT INTO users(uid,name,username,country,email,dob,credit_info) values (354,'Louise Nguyen','Lou257','Russia','Louise.Nguyen@yahoo.com','2007-04-16',4510060000000000.0);
INSERT INTO users(uid,name,username,country,email,dob,credit_info) values (200,'Elio Jones','Eli240','Bolivia','Elio.Jones@gmail.com','1980-07-29',2325560000000000.0);
INSERT INTO users(uid,name,username,country,email,dob,credit_info) values (231,'Louise Jones','Lou25','United States','Louise.Jones@mail.mcgill.ca','1975-06-14',1822630000000000.0);
INSERT INTO users(uid,name,username,country,email,dob,credit_info) values (281,'Magnus Wilson','Mag223','Spain','Magnus.Wilson@gmail.com','1969-05-03',2649600000000000.0);
INSERT INTO users(uid,name,username,country,email,dob,credit_info) values (359,'Misgana Nguyen','Mis293','Italy','Misgana.Nguyen@mail.mcgill.ca','1996-12-27',4799640000000000.0);
INSERT INTO users(uid,name,username,country,email,dob,credit_info) values (118,'Karim Markoski','Kar106','Spain','Karim.Markoski@gmail.com','1957-03-27',6986160000000000.0);
INSERT INTO users(uid,name,username,country,email,dob,credit_info) values (177,'Misgana Wilson','Mis106','Mexico','Misgana.Wilson@yahoo.com','1990-08-11',8750510000000000.0);
INSERT INTO users(uid,name,username,country,email,dob,credit_info) values (373,'Bahar Jones','Bah232','Bolivia','Bahar.Jones@yahoo.com','1965-08-11',7767240000000000.0);
INSERT INTO users(uid,name,username,country,email,dob,credit_info) values (71,'Magnus Castelli','Mag385','Bolivia','Magnus.Castelli@yahoo.com','1965-12-24',8347840000000000.0);
INSERT INTO users(uid,name,username,country,email,dob,credit_info) values (107,'Theo Angelo','The282','France','Theo.Angelo@yahoo.com','2000-02-26',4196990000000000.0);
INSERT INTO users(uid,name,username,country,email,dob,credit_info) values (69,'Zhang Wang','Zha275','Egypt','Zhang.Wang@yahoo.com','2004-07-03',6834080000000000.0);
INSERT INTO users(uid,name,username,country,email,dob,credit_info) values (395,'Olive Leone','Oli278','Egypt','Olive.Leone@gmail.com','1972-06-07',6611400000000000.0);
INSERT INTO users(uid,name,username,country,email,dob,credit_info) values (38,'Kian Kourilsky','Kia160','China','Kian.Kourilsky@gmail.com','1959-12-29',1469730000000000.0);
INSERT INTO users(uid,name,username,country,email,dob,credit_info) values (323,'Tara Rodriguez','Tar98','Canada','Tara.Rodriguez@yahoo.com','1988-07-09',5399900000000000.0);
INSERT INTO users(uid,name,username,country,email,dob,credit_info) values (368,'Elio Jones','Eli68','China','Elio.Jones@mail.mcgill.ca','1997-11-19',5080820000000000.0);
INSERT INTO users(uid,name,username,country,email,dob,credit_info) values (12,'Misgana Rodriguez','Mis96','England','Misgana.Rodriguez@mail.mcgill.ca','1994-07-19',9924540000000000.0);
INSERT INTO users(uid,name,username,country,email,dob,credit_info) values (164,'Tara Markoski','Tar227','Russia','Tara.Markoski@yahoo.com','1989-08-28',1332490000000000.0);
INSERT INTO users(uid,name,username,country,email,dob,credit_info) values (365,'Theo Wilson','The376','Bolivia','Theo.Wilson@mail.mcgill.ca','1962-06-04',8650600000000000.0);
INSERT INTO users(uid,name,username,country,email,dob,credit_info) values (179,'Magnus Angelo','Mag130','Egypt','Magnus.Angelo@mail.mcgill.ca','1993-01-10',6219890000000000.0);
INSERT INTO users(uid,name,username,country,email,dob,credit_info) values (320,'Sam Kourilsky','Sam93','China','Sam.Kourilsky@mail.mcgill.ca','2001-01-29',6632500000000000.0);
INSERT INTO users(uid,name,username,country,email,dob,credit_info) values (253,'Janna Jones','Jan280','United States','Janna.Jones@gmail.com','2000-07-07',4924180000000000.0);
INSERT INTO users(uid,name,username,country,email,dob,credit_info) values (34,'Sam Nguyen','Sam113','United States','Sam.Nguyen@yahoo.com','2004-01-18',7323950000000000.0);
INSERT INTO users(uid,name,username,country,email,dob,credit_info) values (108,'Karim Porta','Kar99','Egypt','Karim.Porta@gmail.com','1984-10-14',2696360000000000.0);
INSERT INTO users(uid,name,username,country,email,dob,credit_info) values (310,'Olive Wilson','Oli140','Mexico','Olive.Wilson@gmail.com','1974-12-10',6239290000000000.0);
INSERT INTO users(uid,name,username,country,email,dob,credit_info) values (168,'Misgana Porta','Mis298','Vietnam','Misgana.Porta@gmail.com','2007-07-02',6971960000000000.0);
INSERT INTO users(uid,name,username,country,email,dob,credit_info) values (185,'Max Williams','Max186','Italy','Max.Williams@gmail.com','1977-11-16',3413260000000000.0);




INSERT INTO listeners(uid) values (107);
INSERT INTO listeners(uid) values (69);
INSERT INTO listeners(uid) values (395);
INSERT INTO listeners(uid) values (38);
INSERT INTO listeners(uid) values (323);
INSERT INTO listeners(uid) values (368);
INSERT INTO listeners(uid) values (12);
INSERT INTO listeners(uid) values (164);
INSERT INTO listeners(uid) values (365);
INSERT INTO listeners(uid) values (179);
INSERT INTO listeners(uid) values (320);
INSERT INTO listeners(uid) values (253);
INSERT INTO listeners(uid) values (34);
INSERT INTO listeners(uid) values (108);
INSERT INTO listeners(uid) values (310);
INSERT INTO listeners(uid) values (168);
INSERT INTO listeners(uid) values (185);




INSERT INTO artists(uid,stage_name,balance) values (89,'Zaryah',2.75);
INSERT INTO artists(uid,stage_name,balance) values (13,'Emma Della',2.85);
INSERT INTO artists(uid,stage_name,balance) values (334,'NMN',2.85);
INSERT INTO artists(uid,stage_name,balance) values (329,'Lil Diggity',4.75);
INSERT INTO artists(uid,stage_name,balance) values (246,'Alec Wood',2.75);
INSERT INTO artists(uid,stage_name,balance) values (27,'Justin B',0.0);
INSERT INTO artists(uid,stage_name,balance) values (216,'Dutch Dabber',0.0);
INSERT INTO artists(uid,stage_name,balance) values (315,'Aya Nova',11.15);
INSERT INTO artists(uid,stage_name,balance) values (145,'Purpleplum',0.0);
INSERT INTO artists(uid,stage_name,balance) values (270,'Francois Delacour',2.2);
INSERT INTO artists(uid,stage_name,balance) values (113,'How About Now',7.7);
INSERT INTO artists(uid,stage_name,balance) values (238,'Isiah Deville',0.0);
INSERT INTO artists(uid,stage_name,balance) values (387,'LEIMA',0.0);
INSERT INTO artists(uid,stage_name,balance) values (236,'The Lilies',0.0);
INSERT INTO artists(uid,stage_name,balance) values (146,'KM Kid',0.0);
INSERT INTO artists(uid,stage_name,balance) values (358,'The Fireman',0.0);
INSERT INTO artists(uid,stage_name,balance) values (124,'Michael James',0.0);
INSERT INTO artists(uid,stage_name,balance) values (353,'Chitty Bang',0.0);
INSERT INTO artists(uid,stage_name,balance) values (143,'Lara O Mara',0.0);
INSERT INTO artists(uid,stage_name,balance) values (335,'JP Edwards',0.0);
INSERT INTO artists(uid,stage_name,balance) values (144,'Alexandre Millet',0.0);
INSERT INTO artists(uid,stage_name,balance) values (173,'The Sunny Boys',0.0);
INSERT INTO artists(uid,stage_name,balance) values (163,'22 Seconds to Boston',0.0);
INSERT INTO artists(uid,stage_name,balance) values (171,'The Wheelies',0.0);
INSERT INTO artists(uid,stage_name,balance) values (354,'No Box',0.0);
INSERT INTO artists(uid,stage_name,balance) values (200,'The Kicking Eyes',0.0);
INSERT INTO artists(uid,stage_name,balance) values (231,'John Williams',0.0);
INSERT INTO artists(uid,stage_name,balance) values (281,'Ayden Page',0.0);
INSERT INTO artists(uid,stage_name,balance) values (359,'Kicking Dolls',0.0);
INSERT INTO artists(uid,stage_name,balance) values (118,'Alice In The Rain',0.0);
INSERT INTO artists(uid,stage_name,balance) values (177,'Greg McMiller',0.0);
INSERT INTO artists(uid,stage_name,balance) values (373,'David Olsen',0.0);
INSERT INTO artists(uid,stage_name,balance) values (71,'Zephiro',0.0);




INSERT INTO libraries(libid,num_songs) values (62,'LP');
INSERT INTO libraries(libid,num_songs) values (278,'Compilation');
INSERT INTO libraries(libid,num_songs) values (253,'Single');
INSERT INTO libraries(libid,num_songs) values (357,'LP');
INSERT INTO libraries(libid,num_songs) values (71,'Single');
INSERT INTO libraries(libid,num_songs) values (351,'LP');
INSERT INTO libraries(libid,num_songs) values (202,'Single');
INSERT INTO libraries(libid,num_songs) values (417,'DJ Mix');
INSERT INTO libraries(libid,num_songs) values (74,'DJ Mix');
INSERT INTO libraries(libid,num_songs) values (327,'LP');
INSERT INTO libraries(libid,num_songs) values (204,'EP');
INSERT INTO libraries(libid,num_songs) values (248,'DJ Mix');
INSERT INTO libraries(libid,num_songs) values (112,'DJ Mix');
INSERT INTO libraries(libid,num_songs) values (193,'DJ Mix');
INSERT INTO libraries(libid,num_songs) values (247,'EP');
INSERT INTO libraries(libid,num_songs) values (24,'LP');
INSERT INTO libraries(libid,num_songs) values (166,'LP');
INSERT INTO libraries(libid,num_songs) values (391,'Single');
INSERT INTO libraries(libid,num_songs) values (458,'LP');
INSERT INTO libraries(libid,num_songs) values (189,'LP');
INSERT INTO libraries(libid,num_songs) values (375,'Single');
INSERT INTO libraries(libid,num_songs) values (483,'Single');
INSERT INTO libraries(libid,num_songs) values (117,'EP');
INSERT INTO libraries(libid,num_songs) values (72,'LP');
INSERT INTO libraries(libid,num_songs) values (160,'LP');
INSERT INTO libraries(libid,num_songs) values (254,'Single');
INSERT INTO libraries(libid,num_songs) values (5,'Single');
INSERT INTO libraries(libid,num_songs) values (142,'EP');
INSERT INTO libraries(libid,num_songs) values (424,'Mixtape');
INSERT INTO libraries(libid,num_songs) values (20,'EP');
INSERT INTO libraries(libid,num_songs) values (171,'EP');
INSERT INTO libraries(libid,num_songs) values (348,'LP');
INSERT INTO libraries(libid,num_songs) values (149,'LP');
INSERT INTO libraries(libid,num_songs) values (274,'EP');
INSERT INTO libraries(libid,num_songs) values (66,'Single');
INSERT INTO libraries(libid,num_songs) values (76,'LP');
INSERT INTO libraries(libid,num_songs) values (177,'Single');
INSERT INTO libraries(libid,num_songs) values (73,'LP');
INSERT INTO libraries(libid,num_songs) values (90,'LP');
INSERT INTO libraries(libid,num_songs) values (3,'Single');
INSERT INTO libraries(libid,num_songs) values (205,'Single');
INSERT INTO libraries(libid,num_songs) values (116,'Single');
INSERT INTO libraries(libid,num_songs) values (37,'Single');
INSERT INTO libraries(libid,num_songs) values (345,'Single');
INSERT INTO libraries(libid,num_songs) values (406,'Single');
INSERT INTO libraries(libid,num_songs) values (242,'Single');
INSERT INTO libraries(libid,num_songs) values (316,'Single');
INSERT INTO libraries(libid,num_songs) values (337,'Single');
INSERT INTO libraries(libid,num_songs) values (226,'Single');
INSERT INTO libraries(libid,num_songs) values (197,'EP');
INSERT INTO libraries(libid,num_songs) values (97,'LP');
INSERT INTO libraries(libid,num_songs) values (128,'DJ Mix');
INSERT INTO libraries(libid,num_songs) values (251,'DJ Mix');
INSERT INTO libraries(libid,num_songs) values (96,'DJ Mix');
INSERT INTO libraries(libid,num_songs) values (106,'Single');
INSERT INTO libraries(libid,num_songs) values (250,'Single');
INSERT INTO libraries(libid,num_songs) values (188,'EP');




INSERT INTO playlists(name,status,num_songs,libid) values (25,'3:23');
INSERT INTO playlists(name,status,num_songs,libid) values (68,'3:25');
INSERT INTO playlists(name,status,num_songs,libid) values (252,'5:42');
INSERT INTO playlists(name,status,num_songs,libid) values (21,'3:42');
INSERT INTO playlists(name,status,num_songs,libid) values (0,'3:29');
INSERT INTO playlists(name,status,num_songs,libid) values (125,'1:24');
INSERT INTO playlists(name,status,num_songs,libid) values (446,'0:38');
INSERT INTO playlists(name,status,num_songs,libid) values (87,'0:18');
INSERT INTO playlists(name,status,num_songs,libid) values (364,'4:14');
INSERT INTO playlists(name,status,num_songs,libid) values (451,'4:34');
INSERT INTO playlists(name,status,num_songs,libid) values (464,'4:28');
INSERT INTO playlists(name,status,num_songs,libid) values (262,'1:48');
INSERT INTO playlists(name,status,num_songs,libid) values (392,'4:57');
INSERT INTO playlists(name,status,num_songs,libid) values (86,'3:32');
INSERT INTO playlists(name,status,num_songs,libid) values (360,'0:34');
INSERT INTO playlists(name,status,num_songs,libid) values (441,'5:40');
INSERT INTO playlists(name,status,num_songs,libid) values (179,'4:57');
INSERT INTO playlists(name,status,num_songs,libid) values (198,'3:54');
INSERT INTO playlists(name,status,num_songs,libid) values (409,'4:57');
INSERT INTO playlists(name,status,num_songs,libid) values (219,'3:28');
INSERT INTO playlists(name,status,num_songs,libid) values (400,'0:35');
INSERT INTO playlists(name,status,num_songs,libid) values (319,'3:57');
INSERT INTO playlists(name,status,num_songs,libid) values (416,'2:26');
INSERT INTO playlists(name,status,num_songs,libid) values (212,'3:48');
INSERT INTO playlists(name,status,num_songs,libid) values (264,'3:33');
INSERT INTO playlists(name,status,num_songs,libid) values (286,'4:19');
INSERT INTO playlists(name,status,num_songs,libid) values (339,'5:57');
INSERT INTO playlists(name,status,num_songs,libid) values (246,'0:28');
INSERT INTO playlists(name,status,num_songs,libid) values (497,'2:12');
INSERT INTO playlists(name,status,num_songs,libid) values (147,'5:13');
INSERT INTO playlists(name,status,num_songs,libid) values (114,'5:48');
INSERT INTO playlists(name,status,num_songs,libid) values (180,'0:32');
INSERT INTO playlists(name,status,num_songs,libid) values (70,'2:33');
INSERT INTO playlists(name,status,num_songs,libid) values (363,'2:34');
INSERT INTO playlists(name,status,num_songs,libid) values (420,'3:44');
INSERT INTO playlists(name,status,num_songs,libid) values (11,'1:52');
INSERT INTO playlists(name,status,num_songs,libid) values (482,'4:50');
INSERT INTO playlists(name,status,num_songs,libid) values (299,'4:45');
INSERT INTO playlists(name,status,num_songs,libid) values (88,'1:16');
INSERT INTO playlists(name,status,num_songs,libid) values (60,'1:52');
INSERT INTO playlists(name,status,num_songs,libid) values (431,'0:29');
INSERT INTO playlists(name,status,num_songs,libid) values (7,'0:57');
INSERT INTO playlists(name,status,num_songs,libid) values (229,'2:54');
INSERT INTO playlists(name,status,num_songs,libid) values (289,'3:46');
INSERT INTO playlists(name,status,num_songs,libid) values (217,'5:35');
INSERT INTO playlists(name,status,num_songs,libid) values (129,'3:16');
INSERT INTO playlists(name,status,num_songs,libid) values (390,'3:33');
INSERT INTO playlists(name,status,num_songs,libid) values (330,'4:36');
INSERT INTO playlists(name,status,num_songs,libid) values (132,'1:38');
INSERT INTO playlists(name,status,num_songs,libid) values (383,'3:26');
INSERT INTO playlists(name,status,num_songs,libid) values (194,'5:40');
INSERT INTO playlists(name,status,num_songs,libid) values (99,'5:44');
INSERT INTO playlists(name,status,num_songs,libid) values (159,'1:24');
INSERT INTO playlists(name,status,num_songs,libid) values (61,'4:55');
INSERT INTO playlists(name,status,num_songs,libid) values (470,'0:13');
INSERT INTO playlists(name,status,num_songs,libid) values (94,'1:53');
INSERT INTO playlists(name,status,num_songs,libid) values (472,'3:21');
INSERT INTO playlists(name,status,num_songs,libid) values (181,'0:40');
INSERT INTO playlists(name,status,num_songs,libid) values (174,'3:50');
INSERT INTO playlists(name,status,num_songs,libid) values (295,'4:33');
INSERT INTO playlists(name,status,num_songs,libid) values (317,'4:32');
INSERT INTO playlists(name,status,num_songs,libid) values (150,'4:27');
INSERT INTO playlists(name,status,num_songs,libid) values (361,'1:12');
INSERT INTO playlists(name,status,num_songs,libid) values (436,'4:24');
INSERT INTO playlists(name,status,num_songs,libid) values (398,'1:13');
INSERT INTO playlists(name,status,num_songs,libid) values (263,'2:19');
INSERT INTO playlists(name,status,num_songs,libid) values (196,'2:58');
INSERT INTO playlists(name,status,num_songs,libid) values (32,'4:22');
INSERT INTO playlists(name,status,num_songs,libid) values (168,'1:55');
INSERT INTO playlists(name,status,num_songs,libid) values (325,'3:24');
INSERT INTO playlists(name,status,num_songs,libid) values (300,'1:33');
INSERT INTO playlists(name,status,num_songs,libid) values (2,'2:14');
INSERT INTO playlists(name,status,num_songs,libid) values (341,'4:46');
INSERT INTO playlists(name,status,num_songs,libid) values (69,'1:16');
INSERT INTO playlists(name,status,num_songs,libid) values (31,'3:43');
INSERT INTO playlists(name,status,num_songs,libid) values (82,'1:41');
INSERT INTO playlists(name,status,num_songs,libid) values (75,'5:21');
INSERT INTO playlists(name,status,num_songs,libid) values (14,'2:56');
INSERT INTO playlists(name,status,num_songs,libid) values (119,'1:39');
INSERT INTO playlists(name,status,num_songs,libid) values (369,'3:34');
INSERT INTO playlists(name,status,num_songs,libid) values (439,'5:55');
INSERT INTO playlists(name,status,num_songs,libid) values (350,'5:36');
INSERT INTO playlists(name,status,num_songs,libid) values (310,'4:33');
INSERT INTO playlists(name,status,num_songs,libid) values (450,'3:59');
INSERT INTO playlists(name,status,num_songs,libid) values (187,'5:15');
INSERT INTO playlists(name,status,num_songs,libid) values (115,'5:40');
INSERT INTO playlists(name,status,num_songs,libid) values (474,'5:44');
INSERT INTO playlists(name,status,num_songs,libid) values (257,'0:22');
INSERT INTO playlists(name,status,num_songs,libid) values (261,'3:35');
INSERT INTO playlists(name,status,num_songs,libid) values (481,'1:25');
INSERT INTO playlists(name,status,num_songs,libid) values (93,'2:28');
INSERT INTO playlists(name,status,num_songs,libid) values (373,'0:55');
INSERT INTO playlists(name,status,num_songs,libid) values (475,'4:13');
INSERT INTO playlists(name,status,num_songs,libid) values (33,'4:44');
INSERT INTO playlists(name,status,num_songs,libid) values (167,'1:42');
INSERT INTO playlists(name,status,num_songs,libid) values (26,'4:23');
INSERT INTO playlists(name,status,num_songs,libid) values (145,'0:55');
INSERT INTO playlists(name,status,num_songs,libid) values (240,'0:51');
INSERT INTO playlists(name,status,num_songs,libid) values (141,'2:54');
INSERT INTO playlists(name,status,num_songs,libid) values (359,'0:11');
INSERT INTO playlists(name,status,num_songs,libid) values (139,'0:48');
INSERT INTO playlists(name,status,num_songs,libid) values (215,'4:22');
INSERT INTO playlists(name,status,num_songs,libid) values (277,'0:13');
INSERT INTO playlists(name,status,num_songs,libid) values (287,'0:48');
INSERT INTO playlists(name,status,num_songs,libid) values (102,'1:34');
INSERT INTO playlists(name,status,num_songs,libid) values (58,'1:41');
INSERT INTO playlists(name,status,num_songs,libid) values (366,'3:43');
INSERT INTO playlists(name,status,num_songs,libid) values (320,'2:27');
INSERT INTO playlists(name,status,num_songs,libid) values (397,'4:25');
INSERT INTO playlists(name,status,num_songs,libid) values (457,'0:52');
INSERT INTO playlists(name,status,num_songs,libid) values (335,'2:10');
INSERT INTO playlists(name,status,num_songs,libid) values (442,'3:51');
INSERT INTO playlists(name,status,num_songs,libid) values (140,'1:48');
INSERT INTO playlists(name,status,num_songs,libid) values (36,'4:14');
INSERT INTO playlists(name,status,num_songs,libid) values (421,'5:53');
INSERT INTO playlists(name,status,num_songs,libid) values (296,'2:28');
INSERT INTO playlists(name,status,num_songs,libid) values (230,'0:48');
INSERT INTO playlists(name,status,num_songs,libid) values (311,'0:29');
INSERT INTO playlists(name,status,num_songs,libid) values (452,'3:25');
INSERT INTO playlists(name,status,num_songs,libid) values (127,'4:29');
INSERT INTO playlists(name,status,num_songs,libid) values (279,'0:55');
INSERT INTO playlists(name,status,num_songs,libid) values (255,'1:44');
INSERT INTO playlists(name,status,num_songs,libid) values (387,'0:44');
INSERT INTO playlists(name,status,num_songs,libid) values (496,'3:35');
INSERT INTO playlists(name,status,num_songs,libid) values (435,'4:55');
INSERT INTO playlists(name,status,num_songs,libid) values (123,'1:23');
INSERT INTO playlists(name,status,num_songs,libid) values (184,'5:17');
INSERT INTO playlists(name,status,num_songs,libid) values (349,'2:45');
INSERT INTO playlists(name,status,num_songs,libid) values (81,'5:33');
INSERT INTO playlists(name,status,num_songs,libid) values (413,'2:28');
INSERT INTO playlists(name,status,num_songs,libid) values (265,'2:18');
INSERT INTO playlists(name,status,num_songs,libid) values (427,'4:15');
INSERT INTO playlists(name,status,num_songs,libid) values (495,'3:29');
INSERT INTO playlists(name,status,num_songs,libid) values (355,'4:27');
INSERT INTO playlists(name,status,num_songs,libid) values (136,'2:14');
INSERT INTO playlists(name,status,num_songs,libid) values (162,'5:44');
INSERT INTO playlists(name,status,num_songs,libid) values (395,'1:57');
INSERT INTO playlists(name,status,num_songs,libid) values (284,'4:27');
INSERT INTO playlists(name,status,num_songs,libid) values (354,'0:30');
INSERT INTO playlists(name,status,num_songs,libid) values (267,'1:18');
INSERT INTO playlists(name,status,num_songs,libid) values (272,'2:58');
INSERT INTO playlists(name,status,num_songs,libid) values (336,'5:20');
INSERT INTO playlists(name,status,num_songs,libid) values (190,'3:31');
INSERT INTO playlists(name,status,num_songs,libid) values (122,'5:47');
INSERT INTO playlists(name,status,num_songs,libid) values (233,'1:58');
INSERT INTO playlists(name,status,num_songs,libid) values (221,'5:46');
INSERT INTO playlists(name,status,num_songs,libid) values (303,'3:59');
INSERT INTO playlists(name,status,num_songs,libid) values (222,'1:57');
INSERT INTO playlists(name,status,num_songs,libid) values (433,'3:50');




INSERT INTO articles(article_id,title,release_date,price,genre) values (0,3.3,7);
INSERT INTO articles(article_id,title,release_date,price,genre) values (1,3.8,5);
INSERT INTO articles(article_id,title,release_date,price,genre) values (2,0.95,3);
INSERT INTO articles(article_id,title,release_date,price,genre) values (3,3.8,5);
INSERT INTO articles(article_id,title,release_date,price,genre) values (4,1.9,3);
INSERT INTO articles(article_id,title,release_date,price,genre) values (5,3.15,6);
INSERT INTO articles(article_id,title,release_date,price,genre) values (6,0.55,3);
INSERT INTO articles(article_id,title,release_date,price,genre) values (7,0.95,3);
INSERT INTO articles(article_id,title,release_date,price,genre) values (8,0.0,3);
INSERT INTO articles(article_id,title,release_date,price,genre) values (9,4.35,6);
INSERT INTO articles(article_id,title,release_date,price,genre) values (10,3.0,5);
INSERT INTO articles(article_id,title,release_date,price,genre) values (11,0.95,3);
INSERT INTO articles(article_id,title,release_date,price,genre) values (12,0.95,3);
INSERT INTO articles(article_id,title,release_date,price,genre) values (13,0.55,3);
INSERT INTO articles(article_id,title,release_date,price,genre) values (14,1.65,4);
INSERT INTO articles(article_id,title,release_date,price,genre) values (15,3.85,8);
INSERT INTO articles(article_id,title,release_date,price,genre) values (16,4.4,9);




INSERT INTO albums(article_id,type) values (89,25);
INSERT INTO albums(article_id,type) values (89,68);
INSERT INTO albums(article_id,type) values (89,252);
INSERT INTO albums(article_id,type) values (89,21);
INSERT INTO albums(article_id,type) values (89,0);
INSERT INTO albums(article_id,type) values (89,62);
INSERT INTO albums(article_id,type) values (13,125);
INSERT INTO albums(article_id,type) values (13,446);
INSERT INTO albums(article_id,type) values (13,87);
INSERT INTO albums(article_id,type) values (13,278);
INSERT INTO albums(article_id,type) values (334,364);
INSERT INTO albums(article_id,type) values (334,253);
INSERT INTO albums(article_id,type) values (329,451);
INSERT INTO albums(article_id,type) values (329,464);
INSERT INTO albums(article_id,type) values (329,262);
INSERT INTO albums(article_id,type) values (329,357);
INSERT INTO albums(article_id,type) values (329,392);
INSERT INTO albums(article_id,type) values (329,71);
INSERT INTO albums(article_id,type) values (246,86);
INSERT INTO albums(article_id,type) values (246,360);
INSERT INTO albums(article_id,type) values (246,441);
INSERT INTO albums(article_id,type) values (246,179);
INSERT INTO albums(article_id,type) values (246,351);
INSERT INTO albums(article_id,type) values (27,198);
INSERT INTO albums(article_id,type) values (27,202);
INSERT INTO albums(article_id,type) values (216,409);
INSERT INTO albums(article_id,type) values (216,417);
INSERT INTO albums(article_id,type) values (216,219);
INSERT INTO albums(article_id,type) values (216,74);
INSERT INTO albums(article_id,type) values (315,400);
INSERT INTO albums(article_id,type) values (315,319);
INSERT INTO albums(article_id,type) values (315,416);
INSERT INTO albums(article_id,type) values (315,212);
INSERT INTO albums(article_id,type) values (315,327);
INSERT INTO albums(article_id,type) values (315,264);
INSERT INTO albums(article_id,type) values (315,286);
INSERT INTO albums(article_id,type) values (315,339);
INSERT INTO albums(article_id,type) values (315,204);
INSERT INTO albums(article_id,type) values (145,246);
INSERT INTO albums(article_id,type) values (145,248);
INSERT INTO albums(article_id,type) values (145,497);
INSERT INTO albums(article_id,type) values (145,112);
INSERT INTO albums(article_id,type) values (145,147);
INSERT INTO albums(article_id,type) values (145,193);
INSERT INTO albums(article_id,type) values (270,114);
INSERT INTO albums(article_id,type) values (270,180);
INSERT INTO albums(article_id,type) values (270,247);
INSERT INTO albums(article_id,type) values (113,70);
INSERT INTO albums(article_id,type) values (113,363);
INSERT INTO albums(article_id,type) values (113,420);
INSERT INTO albums(article_id,type) values (113,11);
INSERT INTO albums(article_id,type) values (113,482);
INSERT INTO albums(article_id,type) values (113,299);
INSERT INTO albums(article_id,type) values (113,24);
INSERT INTO albums(article_id,type) values (113,88);
INSERT INTO albums(article_id,type) values (113,60);
INSERT INTO albums(article_id,type) values (113,431);
INSERT INTO albums(article_id,type) values (113,7);
INSERT INTO albums(article_id,type) values (113,229);
INSERT INTO albums(article_id,type) values (113,289);
INSERT INTO albums(article_id,type) values (113,217);
INSERT INTO albums(article_id,type) values (113,166);
INSERT INTO albums(article_id,type) values (238,129);
INSERT INTO albums(article_id,type) values (238,391);
INSERT INTO albums(article_id,type) values (238,390);
INSERT INTO albums(article_id,type) values (238,330);
INSERT INTO albums(article_id,type) values (238,132);
INSERT INTO albums(article_id,type) values (238,383);
INSERT INTO albums(article_id,type) values (238,194);
INSERT INTO albums(article_id,type) values (238,458);
INSERT INTO albums(article_id,type) values (387,99);
INSERT INTO albums(article_id,type) values (387,159);
INSERT INTO albums(article_id,type) values (387,61);
INSERT INTO albums(article_id,type) values (387,470);
INSERT INTO albums(article_id,type) values (387,94);
INSERT INTO albums(article_id,type) values (387,472);
INSERT INTO albums(article_id,type) values (387,189);
INSERT INTO albums(article_id,type) values (236,181);
INSERT INTO albums(article_id,type) values (236,375);
INSERT INTO albums(article_id,type) values (236,174);
INSERT INTO albums(article_id,type) values (236,483);
INSERT INTO albums(article_id,type) values (236,295);
INSERT INTO albums(article_id,type) values (236,317);
INSERT INTO albums(article_id,type) values (236,117);
INSERT INTO albums(article_id,type) values (146,150);
INSERT INTO albums(article_id,type) values (146,361);
INSERT INTO albums(article_id,type) values (146,436);
INSERT INTO albums(article_id,type) values (146,398);
INSERT INTO albums(article_id,type) values (146,263);
INSERT INTO albums(article_id,type) values (146,72);
INSERT INTO albums(article_id,type) values (358,196);
INSERT INTO albums(article_id,type) values (358,32);
INSERT INTO albums(article_id,type) values (358,168);
INSERT INTO albums(article_id,type) values (358,325);
INSERT INTO albums(article_id,type) values (358,300);
INSERT INTO albums(article_id,type) values (358,160);
INSERT INTO albums(article_id,type) values (358,2);
INSERT INTO albums(article_id,type) values (358,254);
INSERT INTO albums(article_id,type) values (358,341);
INSERT INTO albums(article_id,type) values (358,5);
INSERT INTO albums(article_id,type) values (124,69);
INSERT INTO albums(article_id,type) values (124,31);
INSERT INTO albums(article_id,type) values (124,82);
INSERT INTO albums(article_id,type) values (124,75);
INSERT INTO albums(article_id,type) values (124,142);
INSERT INTO albums(article_id,type) values (353,14);
INSERT INTO albums(article_id,type) values (353,119);
INSERT INTO albums(article_id,type) values (353,369);
INSERT INTO albums(article_id,type) values (353,439);
INSERT INTO albums(article_id,type) values (353,424);
INSERT INTO albums(article_id,type) values (353,350);
INSERT INTO albums(article_id,type) values (353,310);
INSERT INTO albums(article_id,type) values (353,20);
INSERT INTO albums(article_id,type) values (143,450);
INSERT INTO albums(article_id,type) values (143,187);
INSERT INTO albums(article_id,type) values (143,115);
INSERT INTO albums(article_id,type) values (143,474);
INSERT INTO albums(article_id,type) values (143,257);
INSERT INTO albums(article_id,type) values (143,171);
INSERT INTO albums(article_id,type) values (335,261);
INSERT INTO albums(article_id,type) values (335,481);
INSERT INTO albums(article_id,type) values (335,93);
INSERT INTO albums(article_id,type) values (335,373);
INSERT INTO albums(article_id,type) values (335,475);
INSERT INTO albums(article_id,type) values (335,348);
INSERT INTO albums(article_id,type) values (144,33);
INSERT INTO albums(article_id,type) values (144,167);
INSERT INTO albums(article_id,type) values (144,26);
INSERT INTO albums(article_id,type) values (144,145);
INSERT INTO albums(article_id,type) values (144,149);
INSERT INTO albums(article_id,type) values (173,240);
INSERT INTO albums(article_id,type) values (173,141);
INSERT INTO albums(article_id,type) values (173,359);
INSERT INTO albums(article_id,type) values (173,139);
INSERT INTO albums(article_id,type) values (173,274);
INSERT INTO albums(article_id,type) values (173,215);
INSERT INTO albums(article_id,type) values (173,66);
INSERT INTO albums(article_id,type) values (163,277);
INSERT INTO albums(article_id,type) values (163,287);
INSERT INTO albums(article_id,type) values (163,102);
INSERT INTO albums(article_id,type) values (163,58);
INSERT INTO albums(article_id,type) values (163,366);
INSERT INTO albums(article_id,type) values (163,76);
INSERT INTO albums(article_id,type) values (163,320);
INSERT INTO albums(article_id,type) values (163,177);
INSERT INTO albums(article_id,type) values (171,397);
INSERT INTO albums(article_id,type) values (171,457);
INSERT INTO albums(article_id,type) values (171,335);
INSERT INTO albums(article_id,type) values (171,442);
INSERT INTO albums(article_id,type) values (171,140);
INSERT INTO albums(article_id,type) values (171,36);
INSERT INTO albums(article_id,type) values (171,73);
INSERT INTO albums(article_id,type) values (354,421);
INSERT INTO albums(article_id,type) values (354,296);
INSERT INTO albums(article_id,type) values (354,230);
INSERT INTO albums(article_id,type) values (354,311);
INSERT INTO albums(article_id,type) values (354,452);
INSERT INTO albums(article_id,type) values (354,90);
INSERT INTO albums(article_id,type) values (200,127);
INSERT INTO albums(article_id,type) values (200,3);
INSERT INTO albums(article_id,type) values (200,279);
INSERT INTO albums(article_id,type) values (200,205);
INSERT INTO albums(article_id,type) values (200,255);
INSERT INTO albums(article_id,type) values (200,116);
INSERT INTO albums(article_id,type) values (231,387);
INSERT INTO albums(article_id,type) values (231,37);
INSERT INTO albums(article_id,type) values (231,496);
INSERT INTO albums(article_id,type) values (231,345);
INSERT INTO albums(article_id,type) values (281,435);
INSERT INTO albums(article_id,type) values (281,406);
INSERT INTO albums(article_id,type) values (281,123);
INSERT INTO albums(article_id,type) values (281,242);
INSERT INTO albums(article_id,type) values (281,184);
INSERT INTO albums(article_id,type) values (281,316);
INSERT INTO albums(article_id,type) values (281,349);
INSERT INTO albums(article_id,type) values (281,337);
INSERT INTO albums(article_id,type) values (359,81);
INSERT INTO albums(article_id,type) values (359,413);
INSERT INTO albums(article_id,type) values (359,265);
INSERT INTO albums(article_id,type) values (359,427);
INSERT INTO albums(article_id,type) values (359,495);
INSERT INTO albums(article_id,type) values (359,226);
INSERT INTO albums(article_id,type) values (118,355);
INSERT INTO albums(article_id,type) values (118,136);
INSERT INTO albums(article_id,type) values (118,162);
INSERT INTO albums(article_id,type) values (118,197);
INSERT INTO albums(article_id,type) values (177,395);
INSERT INTO albums(article_id,type) values (177,284);
INSERT INTO albums(article_id,type) values (177,354);
INSERT INTO albums(article_id,type) values (177,267);
INSERT INTO albums(article_id,type) values (177,272);
INSERT INTO albums(article_id,type) values (177,97);
INSERT INTO albums(article_id,type) values (373,336);
INSERT INTO albums(article_id,type) values (373,128);
INSERT INTO albums(article_id,type) values (373,190);
INSERT INTO albums(article_id,type) values (373,251);
INSERT INTO albums(article_id,type) values (373,122);
INSERT INTO albums(article_id,type) values (373,96);
INSERT INTO albums(article_id,type) values (71,233);
INSERT INTO albums(article_id,type) values (71,106);
INSERT INTO albums(article_id,type) values (71,221);
INSERT INTO albums(article_id,type) values (71,250);
INSERT INTO albums(article_id,type) values (71,303);
INSERT INTO albums(article_id,type) values (71,222);
INSERT INTO albums(article_id,type) values (71,433);
INSERT INTO albums(article_id,type) values (71,188);




INSERT INTO songs(article_id,duration) values (25,62);
INSERT INTO songs(article_id,duration) values (68,62);
INSERT INTO songs(article_id,duration) values (252,62);
INSERT INTO songs(article_id,duration) values (21,62);
INSERT INTO songs(article_id,duration) values (0,62);
INSERT INTO songs(article_id,duration) values (125,278);
INSERT INTO songs(article_id,duration) values (446,278);
INSERT INTO songs(article_id,duration) values (87,278);
INSERT INTO songs(article_id,duration) values (364,253);
INSERT INTO songs(article_id,duration) values (451,357);
INSERT INTO songs(article_id,duration) values (464,357);
INSERT INTO songs(article_id,duration) values (262,357);
INSERT INTO songs(article_id,duration) values (392,71);
INSERT INTO songs(article_id,duration) values (86,351);
INSERT INTO songs(article_id,duration) values (360,351);
INSERT INTO songs(article_id,duration) values (441,351);
INSERT INTO songs(article_id,duration) values (179,351);
INSERT INTO songs(article_id,duration) values (198,202);
INSERT INTO songs(article_id,duration) values (409,417);
INSERT INTO songs(article_id,duration) values (219,74);
INSERT INTO songs(article_id,duration) values (400,327);
INSERT INTO songs(article_id,duration) values (319,327);
INSERT INTO songs(article_id,duration) values (416,327);
INSERT INTO songs(article_id,duration) values (212,327);
INSERT INTO songs(article_id,duration) values (264,204);
INSERT INTO songs(article_id,duration) values (286,204);
INSERT INTO songs(article_id,duration) values (339,204);
INSERT INTO songs(article_id,duration) values (246,248);
INSERT INTO songs(article_id,duration) values (497,112);
INSERT INTO songs(article_id,duration) values (147,193);
INSERT INTO songs(article_id,duration) values (114,247);
INSERT INTO songs(article_id,duration) values (180,247);
INSERT INTO songs(article_id,duration) values (70,24);
INSERT INTO songs(article_id,duration) values (363,24);
INSERT INTO songs(article_id,duration) values (420,24);
INSERT INTO songs(article_id,duration) values (11,24);
INSERT INTO songs(article_id,duration) values (482,24);
INSERT INTO songs(article_id,duration) values (299,24);
INSERT INTO songs(article_id,duration) values (88,166);
INSERT INTO songs(article_id,duration) values (60,166);
INSERT INTO songs(article_id,duration) values (431,166);
INSERT INTO songs(article_id,duration) values (7,166);
INSERT INTO songs(article_id,duration) values (229,166);
INSERT INTO songs(article_id,duration) values (289,166);
INSERT INTO songs(article_id,duration) values (217,166);
INSERT INTO songs(article_id,duration) values (129,391);
INSERT INTO songs(article_id,duration) values (390,458);
INSERT INTO songs(article_id,duration) values (330,458);
INSERT INTO songs(article_id,duration) values (132,458);
INSERT INTO songs(article_id,duration) values (383,458);
INSERT INTO songs(article_id,duration) values (194,458);
INSERT INTO songs(article_id,duration) values (99,189);
INSERT INTO songs(article_id,duration) values (159,189);
INSERT INTO songs(article_id,duration) values (61,189);
INSERT INTO songs(article_id,duration) values (470,189);
INSERT INTO songs(article_id,duration) values (94,189);
INSERT INTO songs(article_id,duration) values (472,189);
INSERT INTO songs(article_id,duration) values (181,375);
INSERT INTO songs(article_id,duration) values (174,483);
INSERT INTO songs(article_id,duration) values (295,117);
INSERT INTO songs(article_id,duration) values (317,117);
INSERT INTO songs(article_id,duration) values (150,72);
INSERT INTO songs(article_id,duration) values (361,72);
INSERT INTO songs(article_id,duration) values (436,72);
INSERT INTO songs(article_id,duration) values (398,72);
INSERT INTO songs(article_id,duration) values (263,72);
INSERT INTO songs(article_id,duration) values (196,160);
INSERT INTO songs(article_id,duration) values (32,160);
INSERT INTO songs(article_id,duration) values (168,160);
INSERT INTO songs(article_id,duration) values (325,160);
INSERT INTO songs(article_id,duration) values (300,160);
INSERT INTO songs(article_id,duration) values (2,254);
INSERT INTO songs(article_id,duration) values (341,341);
INSERT INTO songs(article_id,duration) values (69,142);
INSERT INTO songs(article_id,duration) values (31,142);
INSERT INTO songs(article_id,duration) values (82,142);
INSERT INTO songs(article_id,duration) values (75,142);
INSERT INTO songs(article_id,duration) values (14,424);
INSERT INTO songs(article_id,duration) values (119,424);
INSERT INTO songs(article_id,duration) values (369,424);
INSERT INTO songs(article_id,duration) values (439,424);
INSERT INTO songs(article_id,duration) values (350,20);
INSERT INTO songs(article_id,duration) values (310,20);
INSERT INTO songs(article_id,duration) values (450,171);
INSERT INTO songs(article_id,duration) values (187,171);
INSERT INTO songs(article_id,duration) values (115,171);
INSERT INTO songs(article_id,duration) values (474,171);
INSERT INTO songs(article_id,duration) values (257,171);
INSERT INTO songs(article_id,duration) values (261,348);
INSERT INTO songs(article_id,duration) values (481,348);
INSERT INTO songs(article_id,duration) values (93,348);
INSERT INTO songs(article_id,duration) values (373,348);
INSERT INTO songs(article_id,duration) values (475,348);
INSERT INTO songs(article_id,duration) values (33,149);
INSERT INTO songs(article_id,duration) values (167,149);
INSERT INTO songs(article_id,duration) values (26,149);
INSERT INTO songs(article_id,duration) values (145,149);
INSERT INTO songs(article_id,duration) values (240,274);
INSERT INTO songs(article_id,duration) values (141,274);
INSERT INTO songs(article_id,duration) values (359,274);
INSERT INTO songs(article_id,duration) values (139,274);
INSERT INTO songs(article_id,duration) values (215,66);
INSERT INTO songs(article_id,duration) values (277,76);
INSERT INTO songs(article_id,duration) values (287,76);
INSERT INTO songs(article_id,duration) values (102,76);
INSERT INTO songs(article_id,duration) values (58,76);
INSERT INTO songs(article_id,duration) values (366,76);
INSERT INTO songs(article_id,duration) values (320,177);
INSERT INTO songs(article_id,duration) values (397,73);
INSERT INTO songs(article_id,duration) values (457,73);
INSERT INTO songs(article_id,duration) values (335,73);
INSERT INTO songs(article_id,duration) values (442,73);
INSERT INTO songs(article_id,duration) values (140,73);
INSERT INTO songs(article_id,duration) values (36,73);
INSERT INTO songs(article_id,duration) values (421,90);
INSERT INTO songs(article_id,duration) values (296,90);
INSERT INTO songs(article_id,duration) values (230,90);
INSERT INTO songs(article_id,duration) values (311,90);
INSERT INTO songs(article_id,duration) values (452,90);
INSERT INTO songs(article_id,duration) values (127,3);
INSERT INTO songs(article_id,duration) values (279,205);
INSERT INTO songs(article_id,duration) values (255,116);
INSERT INTO songs(article_id,duration) values (387,37);
INSERT INTO songs(article_id,duration) values (496,345);
INSERT INTO songs(article_id,duration) values (435,406);
INSERT INTO songs(article_id,duration) values (123,242);
INSERT INTO songs(article_id,duration) values (184,316);
INSERT INTO songs(article_id,duration) values (349,337);
INSERT INTO songs(article_id,duration) values (81,226);
INSERT INTO songs(article_id,duration) values (413,226);
INSERT INTO songs(article_id,duration) values (265,226);
INSERT INTO songs(article_id,duration) values (427,226);
INSERT INTO songs(article_id,duration) values (495,226);
INSERT INTO songs(article_id,duration) values (355,197);
INSERT INTO songs(article_id,duration) values (136,197);
INSERT INTO songs(article_id,duration) values (162,197);
INSERT INTO songs(article_id,duration) values (395,97);
INSERT INTO songs(article_id,duration) values (284,97);
INSERT INTO songs(article_id,duration) values (354,97);
INSERT INTO songs(article_id,duration) values (267,97);
INSERT INTO songs(article_id,duration) values (272,97);
INSERT INTO songs(article_id,duration) values (336,128);
INSERT INTO songs(article_id,duration) values (190,251);
INSERT INTO songs(article_id,duration) values (122,96);
INSERT INTO songs(article_id,duration) values (233,106);
INSERT INTO songs(article_id,duration) values (221,250);
INSERT INTO songs(article_id,duration) values (303,188);
INSERT INTO songs(article_id,duration) values (222,188);
INSERT INTO songs(article_id,duration) values (433,188);




INSERT INTO shopping_carts(order_id,total_amount,num_articles) values (1,'favs',25);
INSERT INTO shopping_carts(order_id,total_amount,num_articles) values (1,'favs',68);
INSERT INTO shopping_carts(order_id,total_amount,num_articles) values (1,'favs',252);
INSERT INTO shopping_carts(order_id,total_amount,num_articles) values (1,'favs',21);
INSERT INTO shopping_carts(order_id,total_amount,num_articles) values (1,'favs',0);
INSERT INTO shopping_carts(order_id,total_amount,num_articles) values (1,'favs',360);
INSERT INTO shopping_carts(order_id,total_amount,num_articles) values (2,'cool songs',125);
INSERT INTO shopping_carts(order_id,total_amount,num_articles) values (2,'cool songs',446);
INSERT INTO shopping_carts(order_id,total_amount,num_articles) values (2,'cool songs',87);
INSERT INTO shopping_carts(order_id,total_amount,num_articles) values (2,'cool songs',262);
INSERT INTO shopping_carts(order_id,total_amount,num_articles) values (3,'vibe',364);
INSERT INTO shopping_carts(order_id,total_amount,num_articles) values (3,'vibe',409);
INSERT INTO shopping_carts(order_id,total_amount,num_articles) values (4,'songs',451);
INSERT INTO shopping_carts(order_id,total_amount,num_articles) values (4,'songs',464);
INSERT INTO shopping_carts(order_id,total_amount,num_articles) values (4,'songs',262);
INSERT INTO shopping_carts(order_id,total_amount,num_articles) values (4,'songs',416);
INSERT INTO shopping_carts(order_id,total_amount,num_articles) values (5,'my songs',392);
INSERT INTO shopping_carts(order_id,total_amount,num_articles) values (5,'my songs',319);
INSERT INTO shopping_carts(order_id,total_amount,num_articles) values (6,'pl',86);
INSERT INTO shopping_carts(order_id,total_amount,num_articles) values (6,'pl',360);
INSERT INTO shopping_carts(order_id,total_amount,num_articles) values (6,'pl',441);
INSERT INTO shopping_carts(order_id,total_amount,num_articles) values (6,'pl',179);
INSERT INTO shopping_carts(order_id,total_amount,num_articles) values (6,'pl',416);
INSERT INTO shopping_carts(order_id,total_amount,num_articles) values (7,'my favorites',198);
INSERT INTO shopping_carts(order_id,total_amount,num_articles) values (7,'my favorites',339);
INSERT INTO shopping_carts(order_id,total_amount,num_articles) values (8,'my favs',409);
INSERT INTO shopping_carts(order_id,total_amount,num_articles) values (8,'my favs',364);
INSERT INTO shopping_carts(order_id,total_amount,num_articles) values (9,'favorites',219);
INSERT INTO shopping_carts(order_id,total_amount,num_articles) values (9,'favorites',246);
INSERT INTO shopping_carts(order_id,total_amount,num_articles) values (10,'love these songs',400);
INSERT INTO shopping_carts(order_id,total_amount,num_articles) values (10,'love these songs',319);
INSERT INTO shopping_carts(order_id,total_amount,num_articles) values (10,'love these songs',416);
INSERT INTO shopping_carts(order_id,total_amount,num_articles) values (10,'love these songs',212);
INSERT INTO shopping_carts(order_id,total_amount,num_articles) values (10,'love these songs',114);
INSERT INTO shopping_carts(order_id,total_amount,num_articles) values (11,'yeh',264);
INSERT INTO shopping_carts(order_id,total_amount,num_articles) values (11,'yeh',286);
INSERT INTO shopping_carts(order_id,total_amount,num_articles) values (11,'yeh',339);
INSERT INTO shopping_carts(order_id,total_amount,num_articles) values (11,'yeh',319);
INSERT INTO shopping_carts(order_id,total_amount,num_articles) values (12,'cool songs',246);
INSERT INTO shopping_carts(order_id,total_amount,num_articles) values (12,'cool songs',416);
INSERT INTO shopping_carts(order_id,total_amount,num_articles) values (13,'My Favorites',497);
INSERT INTO shopping_carts(order_id,total_amount,num_articles) values (13,'My Favorites',364);
INSERT INTO shopping_carts(order_id,total_amount,num_articles) values (14,'playlist 33',147);
INSERT INTO shopping_carts(order_id,total_amount,num_articles) values (14,'playlist 33',482);
INSERT INTO shopping_carts(order_id,total_amount,num_articles) values (15,'nice songs',114);
INSERT INTO shopping_carts(order_id,total_amount,num_articles) values (15,'nice songs',180);
INSERT INTO shopping_carts(order_id,total_amount,num_articles) values (15,'nice songs',482);
INSERT INTO shopping_carts(order_id,total_amount,num_articles) values (16,'melody',70);
INSERT INTO shopping_carts(order_id,total_amount,num_articles) values (16,'melody',363);
INSERT INTO shopping_carts(order_id,total_amount,num_articles) values (16,'melody',420);
INSERT INTO shopping_carts(order_id,total_amount,num_articles) values (16,'melody',11);
INSERT INTO shopping_carts(order_id,total_amount,num_articles) values (16,'melody',482);
INSERT INTO shopping_carts(order_id,total_amount,num_articles) values (16,'melody',299);
INSERT INTO shopping_carts(order_id,total_amount,num_articles) values (16,'melody',217);
INSERT INTO shopping_carts(order_id,total_amount,num_articles) values (17,'beats',88);
INSERT INTO shopping_carts(order_id,total_amount,num_articles) values (17,'beats',60);
INSERT INTO shopping_carts(order_id,total_amount,num_articles) values (17,'beats',431);
INSERT INTO shopping_carts(order_id,total_amount,num_articles) values (17,'beats',7);
INSERT INTO shopping_carts(order_id,total_amount,num_articles) values (17,'beats',229);
INSERT INTO shopping_carts(order_id,total_amount,num_articles) values (17,'beats',289);
INSERT INTO shopping_carts(order_id,total_amount,num_articles) values (17,'beats',217);
INSERT INTO shopping_carts(order_id,total_amount,num_articles) values (17,'beats',180);




INSERT INTO Releases(artist_id,article_id) values (1,25);
INSERT INTO Releases(artist_id,article_id) values (1,68);
INSERT INTO Releases(artist_id,article_id) values (1,252);
INSERT INTO Releases(artist_id,article_id) values (1,21);
INSERT INTO Releases(artist_id,article_id) values (1,0);
INSERT INTO Releases(artist_id,article_id) values (1,62);
INSERT INTO Releases(artist_id,article_id) values (1,360);
INSERT INTO Releases(artist_id,article_id) values (2,125);
INSERT INTO Releases(artist_id,article_id) values (2,446);
INSERT INTO Releases(artist_id,article_id) values (2,87);
INSERT INTO Releases(artist_id,article_id) values (2,278);
INSERT INTO Releases(artist_id,article_id) values (2,262);
INSERT INTO Releases(artist_id,article_id) values (3,364);
INSERT INTO Releases(artist_id,article_id) values (3,253);
INSERT INTO Releases(artist_id,article_id) values (3,409);
INSERT INTO Releases(artist_id,article_id) values (4,451);
INSERT INTO Releases(artist_id,article_id) values (4,464);
INSERT INTO Releases(artist_id,article_id) values (4,262);
INSERT INTO Releases(artist_id,article_id) values (4,357);
INSERT INTO Releases(artist_id,article_id) values (4,416);
INSERT INTO Releases(artist_id,article_id) values (5,392);
INSERT INTO Releases(artist_id,article_id) values (5,71);
INSERT INTO Releases(artist_id,article_id) values (5,319);
INSERT INTO Releases(artist_id,article_id) values (6,86);
INSERT INTO Releases(artist_id,article_id) values (6,360);
INSERT INTO Releases(artist_id,article_id) values (6,441);
INSERT INTO Releases(artist_id,article_id) values (6,179);
INSERT INTO Releases(artist_id,article_id) values (6,351);
INSERT INTO Releases(artist_id,article_id) values (6,416);
INSERT INTO Releases(artist_id,article_id) values (7,198);
INSERT INTO Releases(artist_id,article_id) values (7,202);
INSERT INTO Releases(artist_id,article_id) values (7,339);
INSERT INTO Releases(artist_id,article_id) values (8,409);
INSERT INTO Releases(artist_id,article_id) values (8,417);
INSERT INTO Releases(artist_id,article_id) values (8,364);
INSERT INTO Releases(artist_id,article_id) values (9,219);
INSERT INTO Releases(artist_id,article_id) values (9,74);
INSERT INTO Releases(artist_id,article_id) values (9,246);
INSERT INTO Releases(artist_id,article_id) values (10,400);
INSERT INTO Releases(artist_id,article_id) values (10,319);
INSERT INTO Releases(artist_id,article_id) values (10,416);
INSERT INTO Releases(artist_id,article_id) values (10,212);
INSERT INTO Releases(artist_id,article_id) values (10,327);
INSERT INTO Releases(artist_id,article_id) values (10,114);
INSERT INTO Releases(artist_id,article_id) values (11,264);
INSERT INTO Releases(artist_id,article_id) values (11,286);
INSERT INTO Releases(artist_id,article_id) values (11,339);
INSERT INTO Releases(artist_id,article_id) values (11,204);
INSERT INTO Releases(artist_id,article_id) values (11,319);
INSERT INTO Releases(artist_id,article_id) values (12,246);
INSERT INTO Releases(artist_id,article_id) values (12,248);
INSERT INTO Releases(artist_id,article_id) values (12,416);
INSERT INTO Releases(artist_id,article_id) values (13,497);
INSERT INTO Releases(artist_id,article_id) values (13,112);
INSERT INTO Releases(artist_id,article_id) values (13,364);
INSERT INTO Releases(artist_id,article_id) values (14,147);
INSERT INTO Releases(artist_id,article_id) values (14,193);
INSERT INTO Releases(artist_id,article_id) values (14,482);
INSERT INTO Releases(artist_id,article_id) values (15,114);
INSERT INTO Releases(artist_id,article_id) values (15,180);
INSERT INTO Releases(artist_id,article_id) values (15,247);
INSERT INTO Releases(artist_id,article_id) values (15,482);
INSERT INTO Releases(artist_id,article_id) values (16,70);
INSERT INTO Releases(artist_id,article_id) values (16,363);
INSERT INTO Releases(artist_id,article_id) values (16,420);
INSERT INTO Releases(artist_id,article_id) values (16,11);
INSERT INTO Releases(artist_id,article_id) values (16,482);
INSERT INTO Releases(artist_id,article_id) values (16,299);
INSERT INTO Releases(artist_id,article_id) values (16,24);
INSERT INTO Releases(artist_id,article_id) values (16,217);
INSERT INTO Releases(artist_id,article_id) values (17,88);
INSERT INTO Releases(artist_id,article_id) values (17,60);
INSERT INTO Releases(artist_id,article_id) values (17,431);
INSERT INTO Releases(artist_id,article_id) values (17,7);
INSERT INTO Releases(artist_id,article_id) values (17,229);
INSERT INTO Releases(artist_id,article_id) values (17,289);
INSERT INTO Releases(artist_id,article_id) values (17,217);
INSERT INTO Releases(artist_id,article_id) values (17,166);
INSERT INTO Releases(artist_id,article_id) values (17,180);




INSERT INTO BelongsTo(song_id,album_id) values ('favs',1);
INSERT INTO BelongsTo(song_id,album_id) values ('cool songs',2);
INSERT INTO BelongsTo(song_id,album_id) values ('vibe',3);
INSERT INTO BelongsTo(song_id,album_id) values ('songs',4);
INSERT INTO BelongsTo(song_id,album_id) values ('my songs',5);
INSERT INTO BelongsTo(song_id,album_id) values ('pl',6);
INSERT INTO BelongsTo(song_id,album_id) values ('my favorites',7);
INSERT INTO BelongsTo(song_id,album_id) values ('my favs',8);
INSERT INTO BelongsTo(song_id,album_id) values ('favorites',9);
INSERT INTO BelongsTo(song_id,album_id) values ('love these songs',10);
INSERT INTO BelongsTo(song_id,album_id) values ('yeh',11);
INSERT INTO BelongsTo(song_id,album_id) values ('cool songs',12);
INSERT INTO BelongsTo(song_id,album_id) values ('My Favorites',13);
INSERT INTO BelongsTo(song_id,album_id) values ('playlist 33',14);
INSERT INTO BelongsTo(song_id,album_id) values ('nice songs',15);
INSERT INTO BelongsTo(song_id,album_id) values ('melody',16);
INSERT INTO BelongsTo(song_id,album_id) values ('beats',17);




INSERT INTO ComprisesOf(lib_id,name) values (0,25);
INSERT INTO ComprisesOf(lib_id,name) values (0,68);
INSERT INTO ComprisesOf(lib_id,name) values (0,252);
INSERT INTO ComprisesOf(lib_id,name) values (0,21);
INSERT INTO ComprisesOf(lib_id,name) values (0,0);
INSERT INTO ComprisesOf(lib_id,name) values (0,62);
INSERT INTO ComprisesOf(lib_id,name) values (0,360);
INSERT INTO ComprisesOf(lib_id,name) values (1,125);
INSERT INTO ComprisesOf(lib_id,name) values (1,446);
INSERT INTO ComprisesOf(lib_id,name) values (1,87);
INSERT INTO ComprisesOf(lib_id,name) values (1,278);
INSERT INTO ComprisesOf(lib_id,name) values (1,262);
INSERT INTO ComprisesOf(lib_id,name) values (2,364);
INSERT INTO ComprisesOf(lib_id,name) values (2,253);
INSERT INTO ComprisesOf(lib_id,name) values (2,409);
INSERT INTO ComprisesOf(lib_id,name) values (3,451);
INSERT INTO ComprisesOf(lib_id,name) values (3,464);
INSERT INTO ComprisesOf(lib_id,name) values (3,262);
INSERT INTO ComprisesOf(lib_id,name) values (3,357);
INSERT INTO ComprisesOf(lib_id,name) values (3,416);
INSERT INTO ComprisesOf(lib_id,name) values (4,392);
INSERT INTO ComprisesOf(lib_id,name) values (4,71);
INSERT INTO ComprisesOf(lib_id,name) values (4,319);
INSERT INTO ComprisesOf(lib_id,name) values (5,86);
INSERT INTO ComprisesOf(lib_id,name) values (5,360);
INSERT INTO ComprisesOf(lib_id,name) values (5,441);
INSERT INTO ComprisesOf(lib_id,name) values (5,179);
INSERT INTO ComprisesOf(lib_id,name) values (5,351);
INSERT INTO ComprisesOf(lib_id,name) values (5,416);
INSERT INTO ComprisesOf(lib_id,name) values (6,198);
INSERT INTO ComprisesOf(lib_id,name) values (6,202);
INSERT INTO ComprisesOf(lib_id,name) values (6,339);
INSERT INTO ComprisesOf(lib_id,name) values (7,409);
INSERT INTO ComprisesOf(lib_id,name) values (7,417);
INSERT INTO ComprisesOf(lib_id,name) values (7,364);
INSERT INTO ComprisesOf(lib_id,name) values (8,219);
INSERT INTO ComprisesOf(lib_id,name) values (8,74);
INSERT INTO ComprisesOf(lib_id,name) values (8,246);
INSERT INTO ComprisesOf(lib_id,name) values (9,400);
INSERT INTO ComprisesOf(lib_id,name) values (9,319);
INSERT INTO ComprisesOf(lib_id,name) values (9,416);
INSERT INTO ComprisesOf(lib_id,name) values (9,212);
INSERT INTO ComprisesOf(lib_id,name) values (9,327);
INSERT INTO ComprisesOf(lib_id,name) values (9,114);
INSERT INTO ComprisesOf(lib_id,name) values (10,264);
INSERT INTO ComprisesOf(lib_id,name) values (10,286);
INSERT INTO ComprisesOf(lib_id,name) values (10,339);
INSERT INTO ComprisesOf(lib_id,name) values (10,204);
INSERT INTO ComprisesOf(lib_id,name) values (10,319);
INSERT INTO ComprisesOf(lib_id,name) values (11,246);
INSERT INTO ComprisesOf(lib_id,name) values (11,248);
INSERT INTO ComprisesOf(lib_id,name) values (11,416);
INSERT INTO ComprisesOf(lib_id,name) values (12,497);
INSERT INTO ComprisesOf(lib_id,name) values (12,112);
INSERT INTO ComprisesOf(lib_id,name) values (12,364);
INSERT INTO ComprisesOf(lib_id,name) values (13,147);
INSERT INTO ComprisesOf(lib_id,name) values (13,193);
INSERT INTO ComprisesOf(lib_id,name) values (13,482);
INSERT INTO ComprisesOf(lib_id,name) values (14,114);
INSERT INTO ComprisesOf(lib_id,name) values (14,180);
INSERT INTO ComprisesOf(lib_id,name) values (14,247);
INSERT INTO ComprisesOf(lib_id,name) values (14,482);
INSERT INTO ComprisesOf(lib_id,name) values (15,70);
INSERT INTO ComprisesOf(lib_id,name) values (15,363);
INSERT INTO ComprisesOf(lib_id,name) values (15,420);
INSERT INTO ComprisesOf(lib_id,name) values (15,11);
INSERT INTO ComprisesOf(lib_id,name) values (15,482);
INSERT INTO ComprisesOf(lib_id,name) values (15,299);
INSERT INTO ComprisesOf(lib_id,name) values (15,24);
INSERT INTO ComprisesOf(lib_id,name) values (15,217);
INSERT INTO ComprisesOf(lib_id,name) values (16,88);
INSERT INTO ComprisesOf(lib_id,name) values (16,60);
INSERT INTO ComprisesOf(lib_id,name) values (16,431);
INSERT INTO ComprisesOf(lib_id,name) values (16,7);
INSERT INTO ComprisesOf(lib_id,name) values (16,229);
INSERT INTO ComprisesOf(lib_id,name) values (16,289);
INSERT INTO ComprisesOf(lib_id,name) values (16,217);
INSERT INTO ComprisesOf(lib_id,name) values (16,166);
INSERT INTO ComprisesOf(lib_id,name) values (16,180);




INSERT INTO IsAddedTo(article_id,lib_id) values (0,107);
INSERT INTO IsAddedTo(article_id,lib_id) values (1,69);
INSERT INTO IsAddedTo(article_id,lib_id) values (2,395);
INSERT INTO IsAddedTo(article_id,lib_id) values (3,38);
INSERT INTO IsAddedTo(article_id,lib_id) values (4,323);
INSERT INTO IsAddedTo(article_id,lib_id) values (5,368);
INSERT INTO IsAddedTo(article_id,lib_id) values (6,12);
INSERT INTO IsAddedTo(article_id,lib_id) values (7,164);
INSERT INTO IsAddedTo(article_id,lib_id) values (8,365);
INSERT INTO IsAddedTo(article_id,lib_id) values (9,179);
INSERT INTO IsAddedTo(article_id,lib_id) values (10,320);
INSERT INTO IsAddedTo(article_id,lib_id) values (11,253);
INSERT INTO IsAddedTo(article_id,lib_id) values (12,34);
INSERT INTO IsAddedTo(article_id,lib_id) values (13,108);
INSERT INTO IsAddedTo(article_id,lib_id) values (14,310);
INSERT INTO IsAddedTo(article_id,lib_id) values (15,168);
INSERT INTO IsAddedTo(article_id,lib_id) values (16,185);




INSERT INTO IsPartOf(name,lib_id) values (107,1,'favs');
INSERT INTO IsPartOf(name,lib_id) values (69,2,'cool songs');
INSERT INTO IsPartOf(name,lib_id) values (395,3,'vibe');
INSERT INTO IsPartOf(name,lib_id) values (38,4,'songs');
INSERT INTO IsPartOf(name,lib_id) values (323,5,'my songs');
INSERT INTO IsPartOf(name,lib_id) values (368,6,'pl');
INSERT INTO IsPartOf(name,lib_id) values (12,7,'my favorites');
INSERT INTO IsPartOf(name,lib_id) values (164,8,'my favs');
INSERT INTO IsPartOf(name,lib_id) values (365,9,'favorites');
INSERT INTO IsPartOf(name,lib_id) values (179,10,'love these songs');
INSERT INTO IsPartOf(name,lib_id) values (320,11,'yeh');
INSERT INTO IsPartOf(name,lib_id) values (253,12,'cool songs');
INSERT INTO IsPartOf(name,lib_id) values (34,13,'My Favorites');
INSERT INTO IsPartOf(name,lib_id) values (108,14,'playlist 33');
INSERT INTO IsPartOf(name,lib_id) values (310,15,'nice songs');
INSERT INTO IsPartOf(name,lib_id) values (168,16,'melody');
INSERT INTO IsPartOf(name,lib_id) values (185,17,'beats');




INSERT INTO Contains(order_id, article_id) values (89,0,2.75);
INSERT INTO Contains(order_id, article_id) values (246,0,0.55);
INSERT INTO Contains(order_id, article_id) values (13,1,2.85);
INSERT INTO Contains(order_id, article_id) values (329,1,0.95);
INSERT INTO Contains(order_id, article_id) values (334,2,0.95);
INSERT INTO Contains(order_id, article_id) values (216,2,0.0);
INSERT INTO Contains(order_id, article_id) values (329,3,2.85);
INSERT INTO Contains(order_id, article_id) values (315,3,0.95);
INSERT INTO Contains(order_id, article_id) values (329,4,0.95);
INSERT INTO Contains(order_id, article_id) values (315,4,0.95);
INSERT INTO Contains(order_id, article_id) values (246,5,2.2);
INSERT INTO Contains(order_id, article_id) values (315,5,0.95);
INSERT INTO Contains(order_id, article_id) values (27,6,0.0);
INSERT INTO Contains(order_id, article_id) values (315,6,0.55);
INSERT INTO Contains(order_id, article_id) values (216,7,0.0);
INSERT INTO Contains(order_id, article_id) values (334,7,0.95);
INSERT INTO Contains(order_id, article_id) values (216,8,0.0);
INSERT INTO Contains(order_id, article_id) values (145,8,0.0);
INSERT INTO Contains(order_id, article_id) values (315,9,3.8);
INSERT INTO Contains(order_id, article_id) values (270,9,0.55);
INSERT INTO Contains(order_id, article_id) values (315,10,2.05);
INSERT INTO Contains(order_id, article_id) values (315,10,0.95);
INSERT INTO Contains(order_id, article_id) values (145,11,0.0);
INSERT INTO Contains(order_id, article_id) values (315,11,0.95);
INSERT INTO Contains(order_id, article_id) values (145,12,0.0);
INSERT INTO Contains(order_id, article_id) values (334,12,0.95);
INSERT INTO Contains(order_id, article_id) values (145,13,0.0);
INSERT INTO Contains(order_id, article_id) values (113,13,0.55);
INSERT INTO Contains(order_id, article_id) values (270,14,1.1);
INSERT INTO Contains(order_id, article_id) values (113,14,0.55);
INSERT INTO Contains(order_id, article_id) values (113,15,3.3);
INSERT INTO Contains(order_id, article_id) values (113,15,0.55);
INSERT INTO Contains(order_id, article_id) values (113,16,3.85);
INSERT INTO Contains(order_id, article_id) values (270,16,0.55);




INSERT INTO Uses(listener_id,order_id) values (107,1);
INSERT INTO Uses(listener_id,order_id) values (69,2);
INSERT INTO Uses(listener_id,order_id) values (395,3);
INSERT INTO Uses(listener_id,order_id) values (38,4);
INSERT INTO Uses(listener_id,order_id) values (323,5);
INSERT INTO Uses(listener_id,order_id) values (368,6);
INSERT INTO Uses(listener_id,order_id) values (12,7);
INSERT INTO Uses(listener_id,order_id) values (164,8);
INSERT INTO Uses(listener_id,order_id) values (365,9);
INSERT INTO Uses(listener_id,order_id) values (179,10);
INSERT INTO Uses(listener_id,order_id) values (320,11);
INSERT INTO Uses(listener_id,order_id) values (253,12);
INSERT INTO Uses(listener_id,order_id) values (34,13);
INSERT INTO Uses(listener_id,order_id) values (108,14);
INSERT INTO Uses(listener_id,order_id) values (310,15);
INSERT INTO Uses(listener_id,order_id) values (168,16);
INSERT INTO Uses(listener_id,order_id) values (185,17);