INSERT INTO users(uid,name,username,country,email,dob,credit_info) values (5,'Nova Wilson','Nov358','Italy','Nova.Wilson@yahoo.com','1959-11-16',4192954663623455);
INSERT INTO users(uid,name,username,country,email,dob,credit_info) values (84,'Olive Meijer','Oli209','England','Olive.Meijer@mail.mcgill.ca','1978-5-16',7747111133317960);
INSERT INTO users(uid,name,username,country,email,dob,credit_info) values (128,'Markus Meijer','Mar301','Spain','Markus.Meijer@yahoo.com','1997-5-3',2845996360532188);
INSERT INTO users(uid,name,username,country,email,dob,credit_info) values (100,'Theo Meijer','The195','England','Theo.Meijer@gmail.com','1996-10-20',9266496703144215);
INSERT INTO users(uid,name,username,country,email,dob,credit_info) values (302,'Kian Patel','Kia375','Spain','Kian.Patel@mail.mcgill.ca','1959-2-2',9683773525587129);
INSERT INTO users(uid,name,username,country,email,dob,credit_info) values (197,'Lili Ling','Lil355','China','Lili.Ling@yahoo.com','1958-3-24',5358444561495649);
INSERT INTO users(uid,name,username,country,email,dob,credit_info) values (360,'Nova Giordano','Nov29','Canada','Nova.Giordano@mail.mcgill.ca','1970-3-15',8326956840879192);
INSERT INTO users(uid,name,username,country,email,dob,credit_info) values (136,'Elio Blaese','Eli350','Russia','Elio.Blaese@mail.mcgill.ca','1986-3-2',2762587828025372);
INSERT INTO users(uid,name,username,country,email,dob,credit_info) values (314,'Olive Giordano','Oli234','Bolivia','Olive.Giordano@mail.mcgill.ca','1981-6-20',1835229111594634);
INSERT INTO users(uid,name,username,country,email,dob,credit_info) values (317,'Roshane Johnson','Ros91','France','Roshane.Johnson@mail.mcgill.ca','1979-9-29',6599740358581336);
INSERT INTO users(uid,name,username,country,email,dob,credit_info) values (292,'Nova Meijer','Nov71','Vietnam','Nova.Meijer@yahoo.com','1989-9-14',4400201110305439);
INSERT INTO users(uid,name,username,country,email,dob,credit_info) values (121,'Nima Blaese','Nim377','Vietnam','Nima.Blaese@gmail.com','1969-10-20',3672794294504515);
INSERT INTO users(uid,name,username,country,email,dob,credit_info) values (224,'Arya Markoski','Ary40','Spain','Arya.Markoski@yahoo.com','1973-8-27',7749544418443578);
INSERT INTO users(uid,name,username,country,email,dob,credit_info) values (400,'Evy Ling','Evy115','England','Evy.Ling@yahoo.com','1959-10-16',5005527655126519);
INSERT INTO users(uid,name,username,country,email,dob,credit_info) values (313,'Theo Rodriguez','The210','China','Theo.Rodriguez@yahoo.com','1954-9-3',4806147861681194);
INSERT INTO users(uid,name,username,country,email,dob,credit_info) values (99,'Tara Martinez','Tar322','Spain','Tara.Martinez@yahoo.com','2006-9-18',5632805823623472);
INSERT INTO users(uid,name,username,country,email,dob,credit_info) values (284,'Azadeh Blaese','Aza146','Canada','Azadeh.Blaese@mail.mcgill.ca','1963-3-19',1512691341167705);
INSERT INTO users(uid,name,username,country,email,dob,credit_info) values (135,'Tara Ling','Tar219','Italy','Tara.Ling@gmail.com','1972-9-1',8087025245178327);
INSERT INTO users(uid,name,username,country,email,dob,credit_info) values (74,'Markus Meijer','Mar297','Canada','Markus.Meijer@yahoo.com','1950-6-1',1809504729139705);
INSERT INTO users(uid,name,username,country,email,dob,credit_info) values (305,'Olive Giordano','Oli390','Vietnam','Olive.Giordano@gmail.com','1956-7-24',6207807397103466);
INSERT INTO users(uid,name,username,country,email,dob,credit_info) values (371,'Olive Porta','Oli201','Mexico','Olive.Porta@mail.mcgill.ca','1963-7-1',8022703247891060);
INSERT INTO users(uid,name,username,country,email,dob,credit_info) values (82,'Arya Markoski','Ary168','China','Arya.Markoski@gmail.com','1999-8-29',3303517593096441);
INSERT INTO users(uid,name,username,country,email,dob,credit_info) values (275,'Elio Watson','Eli85','United States','Elio.Watson@yahoo.com','2006-4-25',6597538312244584);
INSERT INTO users(uid,name,username,country,email,dob,credit_info) values (44,'Nova Bianchi','Nov317','Egypt','Nova.Bianchi@gmail.com','1971-10-13',9621638292858996);
INSERT INTO users(uid,name,username,country,email,dob,credit_info) values (88,'Zhang Leone','Zha270','Bolivia','Zhang.Leone@mail.mcgill.ca','1987-8-23',4695026342672030);
INSERT INTO users(uid,name,username,country,email,dob,credit_info) values (1,'Arya Watson','Ary70','Egypt','Arya.Watson@mail.mcgill.ca','1993-2-18',6687461951964890);
INSERT INTO users(uid,name,username,country,email,dob,credit_info) values (92,'Roshane Wilson','Ros262','United States','Roshane.Wilson@yahoo.com','2002-10-29',9905574280407479);
INSERT INTO users(uid,name,username,country,email,dob,credit_info) values (397,'Evy Porta','Evy23','England','Evy.Porta@yahoo.com','2004-1-2',8566330038438621);
INSERT INTO users(uid,name,username,country,email,dob,credit_info) values (215,'Arya Rodriguez','Ary72','Russia','Arya.Rodriguez@mail.mcgill.ca','1974-4-18',1918907247975943);
INSERT INTO users(uid,name,username,country,email,dob,credit_info) values (33,'Theo Wilson','The222','United States','Theo.Wilson@gmail.com','1987-1-28',2545922207190679);
INSERT INTO users(uid,name,username,country,email,dob,credit_info) values (258,'Theo Markoski','The86','Canada','Theo.Markoski@yahoo.com','1993-1-19',2056528236263867);
INSERT INTO users(uid,name,username,country,email,dob,credit_info) values (336,'Nova Porta','Nov294','Bolivia','Nova.Porta@mail.mcgill.ca','1988-11-22',2018821597349314);
INSERT INTO users(uid,name,username,country,email,dob,credit_info) values (386,'Max Watson','Max170','Italy','Max.Watson@mail.mcgill.ca','1969-5-25',1208826847401953);
INSERT INTO users(uid,name,username,country,email,dob,credit_info) values (97,'Tara Wilson','Tar215','Canada','Tara.Wilson@gmail.com','1973-7-2',5149409629239864);
INSERT INTO users(uid,name,username,country,email,dob,credit_info) values (103,'Leandre Aziz','Lea51','China','Leandre.Aziz@mail.mcgill.ca','1992-7-2',6118737836913742);
INSERT INTO users(uid,name,username,country,email,dob,credit_info) values (332,'Azadeh Wilson','Aza224','Bolivia','Azadeh.Wilson@mail.mcgill.ca','1974-11-11',1776412190926495);
INSERT INTO users(uid,name,username,country,email,dob,credit_info) values (389,'Elio Wilson','Eli178','France','Elio.Wilson@gmail.com','1955-10-3',4224607525784750);
INSERT INTO users(uid,name,username,country,email,dob,credit_info) values (233,'Azadeh Watson','Aza258','Canada','Azadeh.Watson@yahoo.com','1969-2-27',1940583339770251);
INSERT INTO users(uid,name,username,country,email,dob,credit_info) values (249,'Markus Ling','Mar237','Egypt','Markus.Ling@yahoo.com','1961-4-20',3228938199338695);
INSERT INTO users(uid,name,username,country,email,dob,credit_info) values (21,'Tara Wilson','Tar219','Italy','Tara.Wilson@yahoo.com','1967-2-4',8658309243971178);
INSERT INTO users(uid,name,username,country,email,dob,credit_info) values (67,'Elio Blaese','Eli32','Mexico','Elio.Blaese@gmail.com','2002-1-10',2225426111954932);
INSERT INTO users(uid,name,username,country,email,dob,credit_info) values (306,'Roshane Watson','Ros221','Vietnam','Roshane.Watson@yahoo.com','1998-3-23',5908304139078358);
INSERT INTO users(uid,name,username,country,email,dob,credit_info) values (0,'Theo Wilson','The387','United States','Theo.Wilson@gmail.com','1959-7-6',2686978391687213);
INSERT INTO users(uid,name,username,country,email,dob,credit_info) values (95,'Arya Wilson','Ary8','England','Arya.Wilson@gmail.com','1973-11-9',2408214973252321);
INSERT INTO users(uid,name,username,country,email,dob,credit_info) values (54,'Max Giordano','Max122','Canada','Max.Giordano@gmail.com','1981-3-22',3950248688463078);
INSERT INTO users(uid,name,username,country,email,dob,credit_info) values (7,'Theo Rodriguez','The385','Bolivia','Theo.Rodriguez@gmail.com','1958-4-8',9393922654549838);
INSERT INTO users(uid,name,username,country,email,dob,credit_info) values (132,'Arya Patel','Ary38','Spain','Arya.Patel@mail.mcgill.ca','1990-1-4',7595472013943115);
INSERT INTO users(uid,name,username,country,email,dob,credit_info) values (206,'Noreen Johnson','Nor5','France','Noreen.Johnson@gmail.com','1968-9-26',6577411761441621);
INSERT INTO users(uid,name,username,country,email,dob,credit_info) values (297,'Lili Markoski','Lil91','Russia','Lili.Markoski@yahoo.com','1971-4-13',4480989222540392);
INSERT INTO users(uid,name,username,country,email,dob,credit_info) values (252,'Zhang Ling','Zha214','Russia','Zhang.Ling@gmail.com','1963-11-10',9283306801925418);

INSERT INTO listeners(uid) values (5);
INSERT INTO listeners(uid) values (84);
INSERT INTO listeners(uid) values (128);
INSERT INTO listeners(uid) values (100);
INSERT INTO listeners(uid) values (302);
INSERT INTO listeners(uid) values (197);
INSERT INTO listeners(uid) values (360);
INSERT INTO listeners(uid) values (136);
INSERT INTO listeners(uid) values (314);
INSERT INTO listeners(uid) values (317);
INSERT INTO listeners(uid) values (292);
INSERT INTO listeners(uid) values (121);
INSERT INTO listeners(uid) values (224);
INSERT INTO listeners(uid) values (400);
INSERT INTO listeners(uid) values (313);
INSERT INTO listeners(uid) values (99);
INSERT INTO listeners(uid) values (284);
INSERT INTO listeners(uid) values (135);
INSERT INTO listeners(uid) values (74);
INSERT INTO listeners(uid) values (305);
INSERT INTO listeners(uid) values (371);
INSERT INTO listeners(uid) values (82);
INSERT INTO listeners(uid) values (275);
INSERT INTO listeners(uid) values (44);
INSERT INTO listeners(uid) values (88);
INSERT INTO listeners(uid) values (1);
INSERT INTO listeners(uid) values (92);
INSERT INTO listeners(uid) values (397);
INSERT INTO listeners(uid) values (215);
INSERT INTO listeners(uid) values (33);
INSERT INTO listeners(uid) values (258);
INSERT INTO listeners(uid) values (336);
INSERT INTO listeners(uid) values (386);
INSERT INTO listeners(uid) values (97);
INSERT INTO listeners(uid) values (103);
INSERT INTO listeners(uid) values (332);
INSERT INTO listeners(uid) values (389);
INSERT INTO listeners(uid) values (233);
INSERT INTO listeners(uid) values (249);
INSERT INTO listeners(uid) values (21);
INSERT INTO listeners(uid) values (67);
INSERT INTO listeners(uid) values (306);
INSERT INTO listeners(uid) values (0);
INSERT INTO listeners(uid) values (95);
INSERT INTO listeners(uid) values (54);
INSERT INTO listeners(uid) values (7);
INSERT INTO listeners(uid) values (132);
INSERT INTO listeners(uid) values (206);
INSERT INTO listeners(uid) values (297);
INSERT INTO listeners(uid) values (252);

INSERT INTO libraries(lib_id,num_songs) values (18,0);
INSERT INTO libraries(lib_id,num_songs) values (19,0);
INSERT INTO libraries(lib_id,num_songs) values (20,0);
INSERT INTO libraries(lib_id,num_songs) values (21,0);
INSERT INTO libraries(lib_id,num_songs) values (22,0);
INSERT INTO libraries(lib_id,num_songs) values (23,0);
INSERT INTO libraries(lib_id,num_songs) values (24,0);
INSERT INTO libraries(lib_id,num_songs) values (25,0);
INSERT INTO libraries(lib_id,num_songs) values (26,0);
INSERT INTO libraries(lib_id,num_songs) values (27,0);
INSERT INTO libraries(lib_id,num_songs) values (28,0);
INSERT INTO libraries(lib_id,num_songs) values (29,0);
INSERT INTO libraries(lib_id,num_songs) values (30,0);
INSERT INTO libraries(lib_id,num_songs) values (31,0);
INSERT INTO libraries(lib_id,num_songs) values (32,0);
INSERT INTO libraries(lib_id,num_songs) values (33,0);
INSERT INTO libraries(lib_id,num_songs) values (34,0);
INSERT INTO libraries(lib_id,num_songs) values (35,0);
INSERT INTO libraries(lib_id,num_songs) values (36,0);
INSERT INTO libraries(lib_id,num_songs) values (37,0);
INSERT INTO libraries(lib_id,num_songs) values (38,0);
INSERT INTO libraries(lib_id,num_songs) values (39,0);
INSERT INTO libraries(lib_id,num_songs) values (40,0);
INSERT INTO libraries(lib_id,num_songs) values (41,0);
INSERT INTO libraries(lib_id,num_songs) values (42,0);
INSERT INTO libraries(lib_id,num_songs) values (43,0);
INSERT INTO libraries(lib_id,num_songs) values (44,0);
INSERT INTO libraries(lib_id,num_songs) values (45,0);
INSERT INTO libraries(lib_id,num_songs) values (46,0);
INSERT INTO libraries(lib_id,num_songs) values (47,0);
INSERT INTO libraries(lib_id,num_songs) values (48,0);
INSERT INTO libraries(lib_id,num_songs) values (49,0);
INSERT INTO libraries(lib_id,num_songs) values (50,0);
INSERT INTO libraries(lib_id,num_songs) values (51,0);
INSERT INTO libraries(lib_id,num_songs) values (52,0);
INSERT INTO libraries(lib_id,num_songs) values (53,0);
INSERT INTO libraries(lib_id,num_songs) values (54,0);
INSERT INTO libraries(lib_id,num_songs) values (55,0);
INSERT INTO libraries(lib_id,num_songs) values (56,0);
INSERT INTO libraries(lib_id,num_songs) values (57,0);
INSERT INTO libraries(lib_id,num_songs) values (58,0);
INSERT INTO libraries(lib_id,num_songs) values (59,0);
INSERT INTO libraries(lib_id,num_songs) values (60,0);
INSERT INTO libraries(lib_id,num_songs) values (61,0);
INSERT INTO libraries(lib_id,num_songs) values (62,0);
INSERT INTO libraries(lib_id,num_songs) values (63,0);
INSERT INTO libraries(lib_id,num_songs) values (64,0);
INSERT INTO libraries(lib_id,num_songs) values (65,0);
INSERT INTO libraries(lib_id,num_songs) values (66,0);
INSERT INTO libraries(lib_id,num_songs) values (67,0);


INSERT INTO Has(listener_id,lib_id) values (5,18);
INSERT INTO Has(listener_id,lib_id) values (84,19);
INSERT INTO Has(listener_id,lib_id) values (128,20);
INSERT INTO Has(listener_id,lib_id) values (100,21);
INSERT INTO Has(listener_id,lib_id) values (302,22);
INSERT INTO Has(listener_id,lib_id) values (197,23);
INSERT INTO Has(listener_id,lib_id) values (360,24);
INSERT INTO Has(listener_id,lib_id) values (136,25);
INSERT INTO Has(listener_id,lib_id) values (314,26);
INSERT INTO Has(listener_id,lib_id) values (317,27);
INSERT INTO Has(listener_id,lib_id) values (292,28);
INSERT INTO Has(listener_id,lib_id) values (121,29);
INSERT INTO Has(listener_id,lib_id) values (224,30);
INSERT INTO Has(listener_id,lib_id) values (400,31);
INSERT INTO Has(listener_id,lib_id) values (313,32);
INSERT INTO Has(listener_id,lib_id) values (99,33);
INSERT INTO Has(listener_id,lib_id) values (284,34);
INSERT INTO Has(listener_id,lib_id) values (135,35);
INSERT INTO Has(listener_id,lib_id) values (74,36);
INSERT INTO Has(listener_id,lib_id) values (305,37);
INSERT INTO Has(listener_id,lib_id) values (371,38);
INSERT INTO Has(listener_id,lib_id) values (82,39);
INSERT INTO Has(listener_id,lib_id) values (275,40);
INSERT INTO Has(listener_id,lib_id) values (44,41);
INSERT INTO Has(listener_id,lib_id) values (88,42);
INSERT INTO Has(listener_id,lib_id) values (1,43);
INSERT INTO Has(listener_id,lib_id) values (92,44);
INSERT INTO Has(listener_id,lib_id) values (397,45);
INSERT INTO Has(listener_id,lib_id) values (215,46);
INSERT INTO Has(listener_id,lib_id) values (33,47);
INSERT INTO Has(listener_id,lib_id) values (258,48);
INSERT INTO Has(listener_id,lib_id) values (336,49);
INSERT INTO Has(listener_id,lib_id) values (386,50);
INSERT INTO Has(listener_id,lib_id) values (97,51);
INSERT INTO Has(listener_id,lib_id) values (103,52);
INSERT INTO Has(listener_id,lib_id) values (332,53);
INSERT INTO Has(listener_id,lib_id) values (389,54);
INSERT INTO Has(listener_id,lib_id) values (233,55);
INSERT INTO Has(listener_id,lib_id) values (249,56);
INSERT INTO Has(listener_id,lib_id) values (21,57);
INSERT INTO Has(listener_id,lib_id) values (67,58);
INSERT INTO Has(listener_id,lib_id) values (306,59);
INSERT INTO Has(listener_id,lib_id) values (0,60);
INSERT INTO Has(listener_id,lib_id) values (95,61);
INSERT INTO Has(listener_id,lib_id) values (54,62);
INSERT INTO Has(listener_id,lib_id) values (7,63);
INSERT INTO Has(listener_id,lib_id) values (132,64);
INSERT INTO Has(listener_id,lib_id) values (206,65);
INSERT INTO Has(listener_id,lib_id) values (297,66);
INSERT INTO Has(listener_id,lib_id) values (252,67);